{
    "rmse": 0.7325589057876258,
    "mae": 0.5899067963150492,
    "r2": 0.1788251891696917
}